Dataset,F1_measure,Accuracy
HDFS,0.999984,0.997500
Hadoop,0.999923,0.989500
Spark,0.994593,0.922000
Zookeeper,0.999876,0.992500
BGL,0.999453,0.930000
HPC,0.994433,0.950500
Thunderbird,0.998665,0.675500
Windows,0.989051,0.410000
Linux,0.476099,0.363500
Android,0.971417,0.838000
HealthApp,0.993431,0.901500
Apache,1.000000,1.000000
Proxifier,0.739766,0.024000
OpenSSH,0.939796,0.434000
OpenStack,0.834337,0.491500
Mac,0.981294,0.814000
